"","rowid","fighterName"
"1",1,"/fighter/Justin-Gaethje-46648"
"2",2,"/fighter/Dustin-Poirier-50529"
"3",3,"/fighter/Conor-McGregor-29688"
"4",4,"/fighter/Al-Iaquinta-42817"
"5",5,"/fighter/Edson-Barboza-46259"
"6",6,"/fighter/Michael-Johnson-68788"
"7",7,"/fighter/Darrell-Horcher-47899"
"8",8,"/fighter/Rafael-dos-Anjos-11675"
"9",9,"/fighter/Pat-Healy-6246"
"10",10,"/fighter/Abel-Trujillo-17129"
"11",11,"/fighter/Thiago-Tavares-4647"
"12",12,"/fighter/Gleison-Tibau-5993"
"13",13,"/fighter/Kamal-Shalorus-31151"
"14",14,"/fighter/Arymarcel-Santos-10579"
"15",15,"/fighter/Vadim-Sandulskiy-85135"
"16",16,"/fighter/Hamiz-Mamedov-55080"
"17",17,"/fighter/Kadzhik-Abadzhyan-60199"
"18",18,"/fighter/Ashot-Shahinyan-69040"
"19",19,"/fighter/Said-Khalilov-11791"
"20",20,"/fighter/Alexander-Agafonov-69109"
"21",21,"/fighter/Vitaliy-Ostrovskiy-57723"
"22",22,"/fighter/Ali-Bagov-72360"
"23",23,"/fighter/Shahbulat-Shamhalaev-51554"
"24",24,"/fighter/Eldar-Eldarov-79102"
"25",25,"/fighter/Said-Akhmed-79104"
"26",26,"/fighter/Shamil-Abdulkerimov-56340"
"27",27,"/fighter/Ramazan-Kurbanismailov-66911"
"28",28,"/fighter/Magomed-Magomedov-8958"
"29",29,"/fighter/Vusal-Bayramov-71177"
"30",30,"/fighter/Charles-Oliveira-30300"
"31",31,"/fighter/Donald-Cerrone-15105"
"32",32,"/fighter/Anthony-Pettis-26627"
"33",33,"/fighter/Kevin-Lee-84342"
"34",34,"/fighter/Lando-Vannata-82446"
"35",35,"/fighter/Josh-Thomson-2394"
"36",36,"/fighter/Danny-Castillo-26070"
"37",37,"/fighter/Katsunori-Kikuno-16806"
"38",38,"/fighter/Mike-Rio-54833"
"39",39,"/fighter/Yves-Edwards-344"
"40",40,"/fighter/Aaron-Riley-1567"
"41",41,"/fighter/Ramsey-Nijem-36963"
"42",42,"/fighter/Brock-Jardine-36630"
"43",43,"/fighter/David-Gardner-3758"
"44",44,"/fighter/Chris-Kennedy-16538"
"45",45,"/fighter/Jamie-Toney-8874"
"46",46,"/fighter/James-Fanshier-3617"
"47",47,"/fighter/Devin-Benjamin-29768"
"48",48,"/fighter/Daniel-Hernandez-23568"
"49",49,"/fighter/Karen-Darabedyan-17049"
"50",50,"/fighter/Frank-Park-21468"
"51",51,"/fighter/Joe-Schilling-28129"
"52",52,"/fighter/Brandon-Adams-13527"
"53",53,"/fighter/Steve-Avalos-31241"
"54",54,"/fighter/Chuck-ONeil-15855"
"55",55,"/fighter/Ryan-McGillivray-18533"
"56",56,"/fighter/Justin-Edwards-37452"
"57",57,"/fighter/Niko-Price-96921"
"58",58,"/fighter/Tony-Ferguson-31239"
"59",59,"/fighter/Alexander-Hernandez-97669"
"60",60,"/fighter/Mike-Perry-176179"
"61",61,"/fighter/Leon-Edwards-62665"
"62",62,"/fighter/Yancy-Medeiros-27738"
"63",63,"/fighter/Darren-Till-73436"
"64",64,"/fighter/Robbie-Lawler-2245"
"65",65,"/fighter/Jorge-Masvidal-7688"
"66",66,"/fighter/Matt-Brown-14310"
"67",67,"/fighter/Rick-Story-25989"
"68",68,"/fighter/Patrick-Cote-6612"
"69",69,"/fighter/Alex-Oliveira-110143"
"70",70,"/fighter/John-Makdessi-37402"
"71",71,"/fighter/Benson-Henderson-20548"
"72",72,"/fighter/Myles-Jury-34236"
"73",73,"/fighter/Eddie-Alvarez-9265"
"74",74,"/fighter/Jim-Miller-14463"
"75",75,"/fighter/Adriano-Martins-9907"
"76",76,"/fighter/Evan-Dunham-22038"
"77",77,"/fighter/KJ-Noons-6727"
"78",78,"/fighter/Melvin-Guillard-7431"
"79",79,"/fighter/Jeremy-Stephens-12179"
"80",80,"/fighter/Nate-Diaz-11451"
"81",81,"/fighter/Dennis-Siver-9817"
"82",82,"/fighter/Vagner-Rocha-43107"
"83",83,"/fighter/Paul-Kelly-14028"
"84",84,"/fighter/Chris-Horodecki-13944"
"85",85,"/fighter/Jamie-Varner-7168"
"86",86,"/fighter/Ed-Ratcliff-13526"
"87",87,"/fighter/James-Krause-31766"
"88",88,"/fighter/Rob-McCullough-2288"
"89",89,"/fighter/Kenneth-Alexander-3545"
"90",90,"/fighter/Yasunori-Kanehara-16529"
"91",91,"/fighter/Anthony-Njokuani-7540"
"92",92,"/fighter/Ryan-Roberts-19761"
"93",93,"/fighter/Jesse-Brock-17520"
"94",94,"/fighter/Craig-Tennant-16643"
"95",95,"/fighter/Cruz-Chacon-3235"
"96",96,"/fighter/Nate-Mohr-8396"
"97",97,"/fighter/Makwan-Amirkhani-69406"
"98",98,"/fighter/Dan-Ige-136499"
"99",99,"/fighter/Paul-Felder-68205"
"100",100,"/fighter/Dan-Hooker-45122"
"101",101,"/fighter/Khabib-Nurmagomedov-56035"
"102",102,"/fighter/Beneil-Dariush-56583"
"103",103,"/fighter/Gilbert-Melendez-5545"
"104",104,"/fighter/Bobby-Green-27953"
"105",105,"/fighter/Rafaello-Oliveira-37260"
"106",106,"/fighter/Lucas-Martins-100031"
"107",107,"/fighter/Terry-Etim-13332"
"108",108,"/fighter/Ross-Pearson-11884"
"109",109,"/fighter/Mike-Lullo-36885"
"110",110,"/fighter/Marcelo-Giudici-2445"
"111",111,"/fighter/Jose-Figueroa-17309"
"112",112,"/fighter/Nabih-Barakat-26523"
"113",113,"/fighter/Lee-King-6785"
"114",114,"/fighter/Aaron-Steadman-46260"
"115",115,"/fighter/Francisco-Trinaldo-31103"
"116",116,"/fighter/Joseph-Duffy-17052"
"117",117,"/fighter/Marco-Polo-Reyes-114125"
"118",118,"/fighter/Glaico-Franca-117927"
"119",119,"/fighter/Jake-Matthews-122139"
"120",120,"/fighter/Nick-Hein-50774"
"121",121,"/fighter/Valmir-Lazaro-22216"
"122",122,"/fighter/Chris-Pecero-66878"
"123",123,"/fighter/Mike-Salazar-60938"
"124",124,"/fighter/Jimmy-Taylor-82939"
"125",125,"/fighter/Cody-Carrillo-79050"
"126",126,"/fighter/Michael-Chiesa-46224"
"127",127,"/fighter/Joe-Proctor-46307"
"128",128,"/fighter/Daron-Cruickshank-53717"
"129",129,"/fighter/Dakota-Cochrane-48554"
"130",130,"/fighter/Max-Holloway-38671"
"131",131,"/fighter/Diego-Ferreira-26358"
"132",132,"/fighter/Akira-Corassani-22641"
"133",133,"/fighter/Diego-Brandao-25097"
"134",134,"/fighter/Erik-Koch-23390"
"135",135,"/fighter/Cub-Swanson-11002"
"136",136,"/fighter/Jonathan-Brookins-17316"
"137",137,"/fighter/Chan-Sung-Jung-36155"
"138",138,"/fighter/Pablo-Garza-35448"
"139",139,"/fighter/Jason-Young-17758"
"140",140,"/fighter/Josh-Grispi-20416"
"141",141,"/fighter/Zachary-Micklewright-17128"
"142",142,"/fighter/Derek-Gauthier-23949"
"143",143,"/fighter/Derrick-Krantz-35518"
"144",144,"/fighter/Ronnie-Lis-60218"
"145",145,"/fighter/Daniel-Watts-28212"
"146",146,"/fighter/Joe-Torrez-40598"
"147",147,"/fighter/Nate-Jolly-20096"
"148",148,"/fighter/Aaron-Suarez-41017"
"149",149,"/fighter/Gilbert-Jimenez-45633"
"150",150,"/fighter/Eduard-Folayang-40882"
"151",151,"/fighter/Timofey-Nastyukhin-99259"
"152",152,"/fighter/Michael-Chandler-50829"
"153",153,"/fighter/Patricky-Freire-38544"
"154",154,"/fighter/Shinya-Aoki-10774"
"155",155,"/fighter/Pat-Curran-29224"
"156",156,"/fighter/Roger-Huerta-10089"
"157",157,"/fighter/Josh-Neer-9179"
"158",158,"/fighter/Toby-Imada-514"
"159",159,"/fighter/Eric-Reynolds-20976"
"160",160,"/fighter/Greg-Loughran-5234"
"161",161,"/fighter/Tatsuya-Kawajiri-1326"
"162",162,"/fighter/Joachim-Hansen-3177"
"163",163,"/fighter/Andre-Amado-9965"
"164",164,"/fighter/Ross-Ebanez-6334"
"165",165,"/fighter/Matt-Lee-4103"
"166",166,"/fighter/Nick-Thompson-7124"
"167",167,"/fighter/Scott-Henze-1571"
"168",168,"/fighter/Hidenobu-Koike-5850"
"169",169,"/fighter/Derrick-Noble-4556"
"170",170,"/fighter/Daisuke-Hanazawa-7683"
"171",171,"/fighter/Danila-Veselov-2941"
"172",172,"/fighter/Seichi-Ikemoto-1315"
"173",173,"/fighter/Chris-Schlesinger-12857"
"174",174,"/fighter/Adam-Fearon-10308"
"175",175,"/fighter/Anthony-Ladonna-9271"
"176",176,"/fighter/Thiago-Moises-130351"
"177",177,"/fighter/Steven-Ray-59838"
"178",178,"/fighter/Josh-Emmett-85885"
"179",179,"/fighter/Artem-Lobov-73700"
"180",180,"/fighter/Andre-Fili-58385"
"181",181,"/fighter/Darren-Elkins-22094"
"182",182,"/fighter/Joe-Lauzon-4923"
"183",183,"/fighter/Reza-Madadi-18921"
"184",184,"/fighter/Shane-Roller-24540"
"185",185,"/fighter/Paul-Sass-23531"
"186",186,"/fighter/Edward-Faaloloto-55070"
"187",187,"/fighter/Chris-McDaniel-17397"
"188",188,"/fighter/Ramiro-Hernandez-26934"
"189",189,"/fighter/Aaron-Derrow-48564"
"190",190,"/fighter/Eric-Marriott-31767"
"191",191,"/fighter/Clay-French-12585"
"192",192,"/fighter/Joe-Brammer-17016"
"193",193,"/fighter/Warren-Stewart-22491"
"194",194,"/fighter/Lucas-Gwaltney-12028"
"195",195,"/fighter/Ted-Worthington-10640"
"196",196,"/fighter/Steve-Schneider-7923"
"197",197,"/fighter/Chauncey-Prather-40075"
"198",198,"/fighter/Nam-Phan-5778"
"199",199,"/fighter/Alex-Caceres-41586"
"200",200,"/fighter/Aaron-Wilkinson-39265"
"201",201,"/fighter/Kyle-Tracz-68793"
"202",202,"/fighter/Rashid-Magomedov-41524"
"203",203,"/fighter/Will-Brooks-76241"
"204",204,"/fighter/Eddy-Ellis-4241"
"205",205,"/fighter/Brian-Foster-17723"
"206",206,"/fighter/Caros-Fodor-45430"
"207",207,"/fighter/Tyson-Griffin-11689"
"208",208,"/fighter/Jacob-Volkmann-24765"
"209",209,"/fighter/Luis-Palomino-16697"
"210",210,"/fighter/Johnavan-Vistante-57928"
"211",211,"/fighter/John-Alessio-259"
"212",212,"/fighter/Ryan-Healy-6225"
"213",213,"/fighter/Kazuyuki-Miyata-11707"
"214",214,"/fighter/Nobuhiro-Obiya-5793"
"215",215,"/fighter/Luiz-Azeredo-1336"
"216",216,"/fighter/Masakazu-Imanari-4862"
"217",217,"/fighter/Hiroyuki-Abe-1293"
"218",218,"/fighter/Rafles-la-Rose-1316"
"219",219,"/fighter/Devanir-Marques-9354"
"220",220,"/fighter/Kohei-Yasumi-1285"
"221",221,"/fighter/Tom-Kirk-914"
"222",222,"/fighter/Musail-Alaudinov-3708"
"223",223,"/fighter/Sergei-Bytchkov-441"
"224",224,"/fighter/Eli-Soares-1983"
"225",225,"/fighter/Reginaldo-Santana-1979"
"226",226,"/fighter/Cliff-Wright-40852"
"227",227,"/fighter/Amirkhan-Adaev-166275"
"228",228,"/fighter/AbdulAziz-Abdulvakhabov-85495"
"229",229,"/fighter/Jon-Fitch-4865"
"230",230,"/fighter/Luiz-Firmino-1978"
"231",231,"/fighter/Joao-Zeferino-17577"
"232",232,"/fighter/LaRue-Burley-90879"
"233",233,"/fighter/Marcio-Navarro-37278"
"234",234,"/fighter/Jake-Shields-502"
"235",235,"/fighter/Gilbert-Smith-65128"
"236",236,"/fighter/Rodrigo-Soria-160855"
"237",237,"/fighter/Mitch-Whitesel-8879"
"238",238,"/fighter/James-Wood-63709"
"239",239,"/fighter/Daniel-Roberts-23999"
"240",240,"/fighter/LaVerne-Clark-184"
"241",241,"/fighter/Jack-Mason-15426"
"242",242,"/fighter/Forrest-Petz-4411"
"243",243,"/fighter/Chris-Lytle-267"
"244",244,"/fighter/Brock-Larson-6373"
"245",245,"/fighter/Kyle-Baker-22545"
"246",246,"/fighter/Mike-Jackson-16281"
"247",247,"/fighter/Nathan-Coy-25412"
"248",248,"/fighter/Douglas-Edwards-32456"
"249",249,"/fighter/Nuri-Shakir-2431"
"250",250,"/fighter/Ken-Jackson-16275"
"251",251,"/fighter/Phet-Phongsavane-20689"
"252",252,"/fighter/Derik-Bolton-51400"
"253",253,"/fighter/Steve-Carl-15123"
"254",254,"/fighter/James-Inhoff-51397"
"255",255,"/fighter/Jeff-Davis-15975"
"256",256,"/fighter/TJ-Waldburger-15125"
"257",257,"/fighter/Deric-Harris-17724"
"258",258,"/fighter/Claudio-Quintana-Nadal-81831"
"259",259,"/fighter/Apti-Bimarzaev-139407"
"260",260,"/fighter/LomAli-Eskiev-89601"
"261",261,"/fighter/Yusuf-Raisov-161785"
"262",262,"/fighter/Marcos-Vinicius-Schmitz-98805"
"263",263,"/fighter/Musa-Khamanaev-38454"
"264",264,"/fighter/Sheymon-Moraes-93951"
"265",265,"/fighter/Richard-Patishnock-76342"
"266",266,"/fighter/Lewis-Gonzalez-84278"
"267",267,"/fighter/Jorge-Patino-1015"
"268",268,"/fighter/Efrain-Escudero-16555"
"269",269,"/fighter/Robert-Washington-21944"
"270",270,"/fighter/Gesias-Cavalcante-9771"
"271",271,"/fighter/James-Warfield-8189"
"272",272,"/fighter/Charles-Bennett-1575"
"273",273,"/fighter/Edson-Berto-9770"
"274",274,"/fighter/Peter-Grimes-23370"
"275",275,"/fighter/Jarrod-Card-18668"
"276",276,"/fighter/Rafael-Dias-10340"
"277",277,"/fighter/Troy-Gerhart-35811"
"278",278,"/fighter/Nick-Gonzalez-6726"
"279",279,"/fighter/Estevan-Payan-24952"
"280",280,"/fighter/John-Mahlow-4626"
"281",281,"/fighter/Marc-Stevens-15710"
"282",282,"/fighter/Andrew-Carron-21534"
"283",283,"/fighter/Mike-Bernhard-16450"
"284",284,"/fighter/Patrick-Mikesz-13252"
"285",285,"/fighter/Steve-Conley-14740"
"286",286,"/fighter/Travis-Cox-15315"
"287",287,"/fighter/Jeremy-May-15313"
"288",288,"/fighter/Mike-Soltz-18023"
"289",289,"/fighter/Louis-Pilato-14428"
"290",290,"/fighter/Terry-House-Jr-55650"
"291",291,"/fighter/Takanori-Gomi-425"
"292",292,"/fighter/Maurice-Jackson-119077"
"293",293,"/fighter/Israel-Adesanya-56374"
"294",294,"/fighter/Muslim-Salikhov-129929"
"295",295,"/fighter/Chidi-Njokuani-25761"
"296",296,"/fighter/David-Rickels-36198"
"297",297,"/fighter/Derek-Campos-42543"
"298",298,"/fighter/Brandon-Girtz-32637"
"299",299,"/fighter/Mac-Danzig-3396"
"300",300,"/fighter/Fabricio-Camoes-2427"
"301",301,"/fighter/Waylon-Lowe-18744"
"302",302,"/fighter/Ronys-Torres-20447"
"303",303,"/fighter/Eric-Regan-15933"
"304",304,"/fighter/Rich-Clementi-1046"
"305",305,"/fighter/Joe-Stevenson-65"
"306",306,"/fighter/Gabe-Ruediger-5542"
"307",307,"/fighter/Rick-Davis-4832"
"308",308,"/fighter/Marcus-Davis-8592"
"309",309,"/fighter/Peter-Kaljevic-2221"
"310",310,"/fighter/Darrell-Smith-3773"
"311",311,"/fighter/Robert-Emerson-5286"
"312",312,"/fighter/Santino-Defranco-1135"
"313",313,"/fighter/Jason-Hathaway-4275"
"314",314,"/fighter/Angel-Nievens-9846"
"315",315,"/fighter/Ryan-Stout-762"
"316",316,"/fighter/Rich-Miller-5614"
"317",317,"/fighter/Kyle-Bradley-7918"
"318",318,"/fighter/Jake-Short-6164"
"319",319,"/fighter/Carlo-Prater-6767"
"320",320,"/fighter/Justin-Wieman-2351"
"321",321,"/fighter/Paul-Purcell-6502"
"322",322,"/fighter/Diego-Saraiva-9534"
"323",323,"/fighter/Alex-Kronofsky-7506"
"324",324,"/fighter/Aaron-Williams-4574"
"325",325,"/fighter/Victor-Estrada-532"
"326",326,"/fighter/Rod-Ramirez-7544"
"327",327,"/fighter/Joe-Jordan-4582"
"328",328,"/fighter/Jonathon-Hargroder-7516"
"329",329,"/fighter/Calvin-Martin-7509"
"330",330,"/fighter/Joshua-Burkman-10003"
"331",331,"/fighter/Luis-Muro-81965"
"332",332,"/fighter/Corey-Browning-187147"
"333",333,"/fighter/Antonio-Castillo-Jr-58067"
"334",334,"/fighter/Alex-Munoz-207057"
"335",335,"/fighter/Sonny-Luque-76529"
"336",336,"/fighter/Tom-Marcellino-28782"
"337",337,"/fighter/Joe-Condon-24147"
"338",338,"/fighter/Sabah-Fadai-21502"
"339",339,"/fighter/Keon-Caldwell-50980"
"340",340,"/fighter/Adam-David-Mays-75910"
"341",341,"/fighter/Chris-Coggins-57166"
"342",342,"/fighter/Denis-Hernandez-61684"
"343",343,"/fighter/Anthony-Kaponis-65614"
"344",344,"/fighter/Billy-Walsh-63222"
"345",345,"/fighter/Steve-Butler-43783"
"346",346,"/fighter/John-Biasiucci-61948"
"347",347,"/fighter/Daniel-Ford-64021"
"348",348,"/fighter/Matthew-Semelsberger-251541"
"349",349,"/fighter/Paul-Sims-124491"
"350",350,"/fighter/Joseph-Lowry-76336"
"351",351,"/fighter/Mike-Wilkins-37446"
"352",352,"/fighter/Djamil-Chan-78386"
"353",353,"/fighter/Gregor-Gracie-23007"
"354",354,"/fighter/Igor-Gracie-16481"
"355",355,"/fighter/Tenyeh-Dixon-12859"
"356",356,"/fighter/Juan-Vazquez-64731"
"357",357,"/fighter/Stephen-Govan-47904"
"358",358,"/fighter/Diego-Peclat-73392"
"359",359,"/fighter/Adrien-Yarboro-74639"
"360",360,"/fighter/Marius-Enache-68204"
"361",361,"/fighter/Chip-MorazaPollard-39674"
"362",362,"/fighter/John-Gunderson-7018"
"363",363,"/fighter/Noah-Weisman-49057"
"364",364,"/fighter/Damien-Trites-21035"
"365",365,"/fighter/John-Ortolani-43777"
"366",366,"/fighter/Cole-Miller-13133"
"367",367,"/fighter/Justin-Hammerstrum-14664"
"368",368,"/fighter/Brendan-Hoxie-15766"
"369",369,"/fighter/Frank-Latina-4146"
"370",370,"/fighter/Andrew-Montanez-16114"
"371",371,"/fighter/David-George-22380"
"372",372,"/fighter/Wayne-Harnois-21900"
"373",373,"/fighter/James-Meals-1815"
"374",374,"/fighter/Deividas-Taurosevicius-5729"
"375",375,"/fighter/Spencer-Fisher-5118"
"376",376,"/fighter/Dyrell-Walker-13314"
"377",377,"/fighter/Leonard-Wilson-12115"
"378",378,"/fighter/Jason-Harris-16560"
"379",379,"/fighter/Anthony-Peters-15092"
"380",380,"/fighter/Danny-Navarro-26922"
"381",381,"/fighter/Antonio-McKee-515"
"382",382,"/fighter/Drew-Fickett-725"
"383",383,"/fighter/Rad-Martinez-35628"
"384",384,"/fighter/Kazunori-Yokota-11335"
"385",385,"/fighter/Jonny-Carson-22107"
"386",386,"/fighter/Ricardo-Tirloni-13141"
"387",387,"/fighter/Lance-Wipf-5420"
"388",388,"/fighter/Marcus-LeVesseur-23538"
"389",389,"/fighter/Gigo-Jara-13675"
"390",390,"/fighter/Kenichiro-Togashi-2231"
"391",391,"/fighter/John-Reedy-13431"
"392",392,"/fighter/Shawn-Bias-13572"
"393",393,"/fighter/Eiji-Mitsuoka-2235"
"394",394,"/fighter/Mike-Corey-12567"
"395",395,"/fighter/Bobby-Suggs-9752"
"396",396,"/fighter/Lewis-Steele-10262"
"397",397,"/fighter/Pat-Silva-15356"
"398",398,"/fighter/Steve-Elisonda-8484"
"399",399,"/fighter/Nick-Crammer-11101"
"400",400,"/fighter/Nick-Ertl-520"
"401",401,"/fighter/Keith-Byer-10503"
"402",402,"/fighter/Erivan-Pereira-Silva-200371"
"403",403,"/fighter/Alan-Omer-23437"
"404",404,"/fighter/Kurt-Holobaugh-68751"
"405",405,"/fighter/Robert-Turnquest-162119"
"406",406,"/fighter/Freddy-Assuncao-53081"
"407",407,"/fighter/Gele-Qing-91197"
"408",408,"/fighter/TJ-OBrien-22127"
"409",409,"/fighter/Isaac-VallieFlagg-8180"
"410",410,"/fighter/Justin-Wilcox-16879"
"411",411,"/fighter/Vitor-Ribeiro-428"
"412",412,"/fighter/Caol-Uno-283"
"413",413,"/fighter/Rani-Yahya-10425"
"414",414,"/fighter/Hiroyuki-Takaya-6782"
"415",415,"/fighter/Hidetaka-Monma-2278"
"416",416,"/fighter/Michihiro-Omigawa-13005"
"417",417,"/fighter/Ryan-Schultz-7343"
"418",418,"/fighter/Henry-Matamoros-760"
"419",419,"/fighter/Cengiz-Dana-6151"
"420",420,"/fighter/Bart-Palaszewski-3496"
"421",421,"/fighter/Sebastian-Korschilgen-9809"
"422",422,"/fighter/Brad-Mohler-5756"
"423",423,"/fighter/Justin-Wisniewski-1335"
"424",424,"/fighter/Fernando-Cesar-31704"
"425",425,"/fighter/Joaquim-Joaquim-28138"
"426",426,"/fighter/David-Hulett-12137"
"427",427,"/fighter/Charlie-Brown-25367"
"428",428,"/fighter/Romulo-Barral-11674"
"429",429,"/fighter/Alberto-Crane-4767"
"430",430,"/fighter/Vitelmo-Kubis-Bandeira-7147"
"431",431,"/fighter/Travous-DeGroat-16418"
"432",432,"/fighter/John-Ivicevic-14874"
"433",433,"/fighter/Luis-Felix-30438"
"434",434,"/fighter/Andre-Winner-17034"
"435",435,"/fighter/Jonatas-Novaes-21198"
"436",436,"/fighter/Kevin-Knabjian-7730"
"437",437,"/fighter/Brian-Cobb-5739"
"438",438,"/fighter/Matt-Veach-23350"
"439",439,"/fighter/Dennis-Bermudez-58065"
"440",440,"/fighter/Freddy-Sandoval-21054"
"441",441,"/fighter/Nik-Lentz-15058"
"442",442,"/fighter/Tyler-Stinson-17728"
"443",443,"/fighter/Ferrid-Kheder-2098"
"444",444,"/fighter/Jason-MacKay-15903"
"445",445,"/fighter/Jose-Cortez-2756"
"446",446,"/fighter/Jesse-Taylor-17389"
"447",447,"/fighter/Joe-Manzello-10771"
"448",448,"/fighter/Richard-Villa-11588"
"449",449,"/fighter/Jeff-Horlacher-624"
"450",450,"/fighter/Jae-Suk-Lim-8538"
"451",451,"/fighter/Mark-Weir-3599"
"452",452,"/fighter/Anthony-Lapsley-18590"
"453",453,"/fighter/Keita-Nakamura-9572"
"454",454,"/fighter/Karo-Parisyan-5153"
"455",455,"/fighter/Kurt-Pellegrino-4153"
"456",456,"/fighter/Josh-Koscheck-9418"
"457",457,"/fighter/Brandon-Melendez-10515"
"458",458,"/fighter/Robert-Briggs-1776"
"459",459,"/fighter/Nick-Diaz-2831"
"460",460,"/fighter/Kenny-Florian-8021"
"461",461,"/fighter/Kyle-Brees-5716"
"462",462,"/fighter/Fabio-Holanda-5999"
"463",463,"/fighter/Shaun-Beckett-3091"
"464",464,"/fighter/Greg-Bell-3119"
"465",465,"/fighter/Dennis-Hallman-275"
"466",466,"/fighter/Landon-Showalter-2803"
"467",467,"/fighter/John-Lansing-979"
"468",468,"/fighter/Edwin-Dewees-720"
"469",469,"/fighter/Kimo-Stant-1149"
"470",470,"/fighter/Maurice-Wilson-1060"
"471",471,"/fighter/Agnaldo-Lima-821"
"472",472,"/fighter/Jerry-Parsons-1124"
"473",473,"/fighter/Cedric-Marks-1918"
"474",474,"/fighter/Michael-Chavez-990"
"475",475,"/fighter/Ryan-Brown-726"
"476",476,"/fighter/Bill-Cameron-633"
"477",477,"/fighter/Owen-Phelps-835"
"478",478,"/fighter/Jamie-Clark-871"
"479",479,"/fighter/Shawn-Polso-12166"
"480",480,"/fighter/Clarence-Jordan-69480"
"481",481,"/fighter/Adam-Townsend-110341"
"482",482,"/fighter/Billy-Christianson-51593"
"483",483,"/fighter/LorawntT-Nelson-59364"
"484",484,"/fighter/Thiago-Alves-Cavalcante-Rodrigues-120211"
"485",485,"/fighter/Adam-Nijem-125701"
"486",486,"/fighter/Shane-Campbell-34625"
"487",487,"/fighter/Aaron-Gallant-21043"
"488",488,"/fighter/Sean-Powers-54628"
"489",489,"/fighter/Alex-Reyes-92695"
"490",490,"/fighter/Cruz-Soltero-76906"
"491",491,"/fighter/Vincent-Vigil-14903"
"492",492,"/fighter/Jason-Brenton-67335"
"493",493,"/fighter/Dustin-Center-38335"
"494",494,"/fighter/Milan-Zerjal-76321"
"495",495,"/fighter/Brian-Scoggins-78812"
"496",496,"/fighter/Joey-Guevara-50366"
"497",497,"/fighter/Nick-Laney-60250"
"498",498,"/fighter/Gabe-Kintzley-77923"
"499",499,"/fighter/Zach-Harvey-83979"
"500",500,"/fighter/Ali-Hanjani-44921"
"501",501,"/fighter/Zach-Valdez-45004"
"502",502,"/fighter/Estaban-Hinostorza-65135"
"503",503,"/fighter/Aaron-Gardner-51031"
"504",504,"/fighter/Sililo-Nikoau-43159"
"505",505,"/fighter/Eric-Wisely-25320"
"506",506,"/fighter/Abram-Torres-38030"
"507",507,"/fighter/Brad-Mitchell-48396"
"508",508,"/fighter/Clayton-Robinson-36290"
"509",509,"/fighter/Aaron-Carter-62068"
"510",510,"/fighter/Calvin-Miller-68368"
"511",511,"/fighter/Keith-Miner-38987"
"512",512,"/fighter/Armando-Servin-63191"
"513",513,"/fighter/Burt-McDonald-69323"
"514",514,"/fighter/Jordan-Wright-79138"
"515",515,"/fighter/Clint-Roberts-74600"
"516",516,"/fighter/Gabe-Gonzales-72039"
"517",517,"/fighter/Ian-Stonehouse-35600"
"518",518,"/fighter/Ryan-Mackin-13625"
"519",519,"/fighter/Corey-Grant-31244"
"520",520,"/fighter/Brett-Roller-30660"
"521",521,"/fighter/Brian-Wood-33929"
"522",522,"/fighter/Tony-Snyder-95783"
"523",523,"/fighter/Roosevelt-Roberts-191653"
"524",524,"/fighter/Anderson-Hutchinson-135951"
"525",525,"/fighter/Adil-Benjilany-150331"
"526",526,"/fighter/John-Teixeira-44311"
"527",527,"/fighter/Kamuela-Kirk-162187"
"528",528,"/fighter/Darrick-Minner-92115"
"529",529,"/fighter/Nate-Jennerman-64549"
"530",530,"/fighter/CJay-Hunter-67783"
"531",531,"/fighter/Matt-Bessette-34374"
"532",532,"/fighter/Tatsuya-Ando-174625"
"533",533,"/fighter/Lenny-Wheeler-38121"
"534",534,"/fighter/Rasul-Mirzaev-66959"
"535",535,"/fighter/Jacob-Akin-75493"
"536",536,"/fighter/Bryan-Goldsby-20999"
"537",537,"/fighter/Aslan-Toktarbaev-86849"
"538",538,"/fighter/Deryck-Ripley-10941"
"539",539,"/fighter/Dustin-Phillips-16173"
"540",540,"/fighter/Javier-Lujan-154773"
"541",541,"/fighter/Adam-Rider-32073"
"542",542,"/fighter/Brian-Pearman-45228"
"543",543,"/fighter/Brian-Davidson-32079"
"544",544,"/fighter/Nate-Murdock-16284"
"545",545,"/fighter/Yaotzin-Meza-15937"
"546",546,"/fighter/Rodrigo-Sotelo-85555"
"547",547,"/fighter/JR-Sotelo-32288"
"548",548,"/fighter/Kody-Frank-67200"
"549",549,"/fighter/Eddie-Granado-50830"
"550",550,"/fighter/Willie-Mack-45074"
"551",551,"/fighter/Jose-Vega-36310"
"552",552,"/fighter/Jeremy-Carper-59871"
"553",553,"/fighter/Damian-Norris-112393"
"554",554,"/fighter/Ryan-Smith-25949"
"555",555,"/fighter/Robert-Couillard-68143"
"556",556,"/fighter/Donnie-Bell-79137"
"557",557,"/fighter/Michael-Osborn-57392"
"558",558,"/fighter/Mike-Bannon-68932"
"559",559,"/fighter/Francisco-Tavares-34971"
"560",560,"/fighter/Brad-Sustad-49023"
"561",561,"/fighter/Danny-Cox-78273"
"562",562,"/fighter/Maycon-Almeida-62069"
"563",563,"/fighter/Noad-Lahat-35732"
"564",564,"/fighter/Daniel-Weichel-4541"
"565",565,"/fighter/Isaac-DeJesus-28078"
"566",566,"/fighter/Rocky-Johnson-8589"
"567",567,"/fighter/Chris-Manuel-18669"
"568",568,"/fighter/Manuel-Gallardo-17202"
"569",569,"/fighter/Steve-Berger-1303"
"570",570,"/fighter/Orlando-Rodriguez-69812"
"571",571,"/fighter/Johnny-Torres-518"
"572",572,"/fighter/Charles-Jones-21885"
"573",573,"/fighter/Mukai-Maromo-65647"
"574",574,"/fighter/Jos-Eichelberger-25312"
"575",575,"/fighter/James-Mead-29932"
"576",576,"/fighter/Jeremiah-Record-66404"
"577",577,"/fighter/Levi-WeikelMagden-47784"
"578",578,"/fighter/David-Vasquez-20633"
"579",579,"/fighter/Aaron-AplingGilman-122543"
"580",580,"/fighter/Anthony-Adams-144983"
"581",581,"/fighter/Shem-Prieto-256961"
"582",582,"/fighter/Cesar-Zamarripa-151879"
"583",583,"/fighter/Joe-Miles-53179"
"584",584,"/fighter/Richard-Solis-4780"
"585",585,"/fighter/Kani-Correa-99807"
"586",586,"/fighter/Kyle-Dunn-85091"
"587",587,"/fighter/Joey-Guerra-77081"
"588",588,"/fighter/Roy-Babcock-27000"
"589",589,"/fighter/Larry-Williams-50602"
"590",590,"/fighter/Phil-Gonzalez-46917"
"591",591,"/fighter/Justin-Gonzales-111883"
"592",592,"/fighter/Kurt-Southern-24011"
"593",593,"/fighter/Donald-Sanchez-17386"
"594",594,"/fighter/Thomas-Schulte-2956"
"595",595,"/fighter/Nick-Piedmont-53297"
"596",596,"/fighter/Conrad-Padilla-47964"
"597",597,"/fighter/Jacob-Devree-34394"
"598",598,"/fighter/Michael-Sharpneck-61553"
"599",599,"/fighter/Randy-Steinke-24950"
"600",600,"/fighter/Nate-Patterson-47963"
"601",601,"/fighter/Chris-McGraw-36543"
"602",602,"/fighter/Manny-Guajardo-50666"
"603",603,"/fighter/Brad-Spencer-53292"
"604",604,"/fighter/Darin-Kelly-50672"
"605",605,"/fighter/David-Solorio-43880"
"606",606,"/fighter/Michael-Bailey-42149"
"607",607,"/fighter/Nate-Merritt-41023"
"608",608,"/fighter/Wes-Clark-29471"
"609",609,"/fighter/Matt-Cano-17493"
"610",610,"/fighter/Josh-Huber-18068"
"611",611,"/fighter/Jeremy-Hastings-59374"
"612",612,"/fighter/Valentine-Marquez-65144"
